{
	"credit": "Made with China_WuKong",
	"textures": {
		"particle": "item/golden_apple",
		"golden_apple": "item/golden_apple"
	},
	"elements": [
		{
			"from": [5, 11, 5],
			"to": [11, 17, 11],
			"faces": {
				"north": {"uv": [2, 2, 4, 4], "texture": "#golden_apple"},
				"east": {"uv": [0, 2, 2, 4], "texture": "#golden_apple"},
				"south": {"uv": [6, 2, 8, 4], "texture": "#golden_apple"},
				"west": {"uv": [4, 2, 6, 4], "texture": "#golden_apple"},
				"up": {"uv": [2, 0, 4, 2], "rotation": 180, "texture": "#golden_apple"},
				"down": {"uv": [4, 0, 6, 2], "texture": "#golden_apple"}
			}
		},
		{
			"from": [6, 6, 7],
			"to": [10, 11, 9],
			"faces": {
				"north": {"uv": [5, 5, 7, 8], "texture": "#golden_apple"},
				"east": {"uv": [4, 5, 5, 8], "texture": "#golden_apple"},
				"south": {"uv": [8, 5, 10, 8], "texture": "#golden_apple"},
				"west": {"uv": [7, 5, 8, 8], "texture": "#golden_apple"},
				"up": {"uv": [5, 4, 7, 5], "rotation": 180, "texture": "#golden_apple"},
				"down": {"uv": [7, 4, 9, 5], "texture": "#golden_apple"}
			}
		},
		{
			"from": [8, 1, 7],
			"to": [10, 6, 9],
			"faces": {
				"north": {"uv": [1, 5, 2, 8], "texture": "#golden_apple"},
				"east": {"uv": [0, 5, 1, 8], "texture": "#golden_apple"},
				"south": {"uv": [3, 5, 4, 8], "texture": "#golden_apple"},
				"west": {"uv": [2, 5, 3, 8], "texture": "#golden_apple"},
				"up": {"uv": [1, 4, 2, 5], "rotation": 180, "texture": "#golden_apple"},
				"down": {"uv": [2, 4, 3, 5], "texture": "#golden_apple"}
			}
		},
		{
			"from": [4.75, 10.75, 4.75],
			"to": [11.25, 17.25, 11.25],
			"faces": {
				"north": {"uv": [10, 2, 12, 4], "texture": "#golden_apple"},
				"east": {"uv": [8, 2, 10, 4], "texture": "#golden_apple"},
				"south": {"uv": [14, 2, 16, 4], "texture": "#golden_apple"},
				"west": {"uv": [12, 2, 14, 4], "texture": "#golden_apple"},
				"up": {"uv": [10, 0, 12, 2], "rotation": 180, "texture": "#golden_apple"},
				"down": {"uv": [12, 0, 14, 2], "texture": "#golden_apple"}
			}
		},
		{
			"from": [5.75, 5.75, 6.75],
			"to": [10.25, 11.25, 9.25],
			"faces": {
				"north": {"uv": [5, 9, 7, 12], "texture": "#golden_apple"},
				"east": {"uv": [4, 9, 5, 12], "texture": "#golden_apple"},
				"south": {"uv": [8, 9, 10, 12], "texture": "#golden_apple"},
				"west": {"uv": [7, 9, 8, 12], "texture": "#golden_apple"},
				"up": {"uv": [5, 8, 7, 9], "rotation": 180, "texture": "#golden_apple"},
				"down": {"uv": [7, 8, 9, 9], "texture": "#golden_apple"}
			}
		},
		{
			"from": [6, 1, 7],
			"to": [8, 6, 9],
			"faces": {
				"north": {"uv": [5, 13, 6, 16], "texture": "#golden_apple"},
				"east": {"uv": [4, 13, 5, 16], "texture": "#golden_apple"},
				"south": {"uv": [7, 13, 8, 16], "texture": "#golden_apple"},
				"west": {"uv": [6, 13, 7, 16], "texture": "#golden_apple"},
				"up": {"uv": [5, 12, 6, 13], "rotation": 180, "texture": "#golden_apple"},
				"down": {"uv": [6, 12, 7, 13], "texture": "#golden_apple"}
			}
		},
		{
			"from": [7.75, 0.75, 6.75],
			"to": [10.25, 6.25, 9.25],
			"faces": {
				"north": {"uv": [1, 9, 2, 12], "texture": "#golden_apple"},
				"east": {"uv": [0, 9, 1, 12], "texture": "#golden_apple"},
				"south": {"uv": [3, 9, 4, 12], "texture": "#golden_apple"},
				"west": {"uv": [2, 9, 3, 12], "texture": "#golden_apple"},
				"up": {"uv": [1, 8, 2, 9], "rotation": 180, "texture": "#golden_apple"},
				"down": {"uv": [2, 8, 3, 9], "texture": "#golden_apple"}
			}
		},
		{
			"from": [4, 6, 7],
			"to": [6, 11, 9],
			"faces": {
				"north": {"uv": [9, 13, 10, 16], "texture": "#golden_apple"},
				"east": {"uv": [8, 13, 9, 16], "texture": "#golden_apple"},
				"south": {"uv": [11, 13, 12, 16], "texture": "#golden_apple"},
				"west": {"uv": [10, 13, 11, 16], "texture": "#golden_apple"},
				"up": {"uv": [9, 12, 10, 13], "rotation": 180, "texture": "#golden_apple"},
				"down": {"uv": [10, 12, 11, 13], "texture": "#golden_apple"}
			}
		},
		{
			"from": [3.75, 5.75, 6.75],
			"to": [6.25, 11.25, 9.25],
			"faces": {
				"north": {"uv": [13, 13, 14, 16], "texture": "#golden_apple"},
				"east": {"uv": [12, 13, 13, 16], "texture": "#golden_apple"},
				"south": {"uv": [15, 13, 16, 16], "texture": "#golden_apple"},
				"west": {"uv": [14, 13, 15, 16], "texture": "#golden_apple"},
				"up": {"uv": [13, 12, 14, 13], "rotation": 180, "texture": "#golden_apple"},
				"down": {"uv": [14, 12, 15, 13], "texture": "#golden_apple"}
			}
		},
		{
			"from": [10, 6, 7],
			"to": [12, 11, 9],
			"faces": {
				"north": {"uv": [11, 5, 12, 8], "texture": "#golden_apple"},
				"east": {"uv": [10, 5, 11, 8], "texture": "#golden_apple"},
				"south": {"uv": [13, 5, 14, 8], "texture": "#golden_apple"},
				"west": {"uv": [12, 5, 13, 8], "texture": "#golden_apple"},
				"up": {"uv": [11, 4, 12, 5], "rotation": 180, "texture": "#golden_apple"},
				"down": {"uv": [12, 4, 13, 5], "texture": "#golden_apple"}
			}
		},
		{
			"from": [9.75, 5.75, 6.75],
			"to": [12.25, 11.25, 9.25],
			"faces": {
				"north": {"uv": [11, 9, 12, 12], "texture": "#golden_apple"},
				"east": {"uv": [10, 9, 11, 12], "texture": "#golden_apple"},
				"south": {"uv": [13, 9, 14, 12], "texture": "#golden_apple"},
				"west": {"uv": [12, 9, 13, 12], "texture": "#golden_apple"},
				"up": {"uv": [11, 8, 12, 9], "rotation": 180, "texture": "#golden_apple"},
				"down": {"uv": [12, 8, 13, 9], "texture": "#golden_apple"}
			}
		},
		{
			"from": [5.75, 0.75, 6.75],
			"to": [8.25, 6.25, 9.25],
			"faces": {
				"north": {"uv": [1, 13, 2, 16], "texture": "#golden_apple"},
				"east": {"uv": [0, 13, 1, 16], "texture": "#golden_apple"},
				"south": {"uv": [3, 13, 4, 16], "texture": "#golden_apple"},
				"west": {"uv": [2, 13, 3, 16], "texture": "#golden_apple"},
				"up": {"uv": [1, 12, 2, 13], "rotation": 180, "texture": "#golden_apple"},
				"down": {"uv": [2, 12, 3, 13], "texture": "#golden_apple"}
			}
		}
	],
	"display": {
		"thirdperson_righthand": {
			"rotation": [0, -180, 0],
			"scale": [1.2, 1.2, 1.2]
		},
		"firstperson_righthand": {
			"rotation": [2, 166, -5],
			"translation": [0, 3, 0],
			"scale": [0.5, 0.5, 0.5]
		},
		"ground": {
			"translation": [0, 5, 0]
		},
		"gui": {
			"rotation": [0, -136, 0],
			"translation": [0, -1, 0]
		},
		"head": {
			"translation": [0, 13, 0]
		},
		"fixed": {
			"translation": [0, -0.5, 0]
		}
	}
}